<?xml version="1.0" encoding="UTF-8"?>
<!DOCTYPE suite SYSTEM "https://testng.org/testng-1.0.dtd">
<suite name="Suite" >
	<listeners>
		<listener class-name="utilites.ExtentReportManager"></listener>
	</listeners>
	
	<!-- <parameters>
		
		<parameter name="os" value="windows"></parameter>
		<parameter name="browser" value="chrome"></parameter>
		
	</parameters> -->
	 
	
  <test thread-count="5" name="Test">
         <parameter name="os" value="windows"></parameter>
		<parameter name="browser" value="chrome"></parameter>
	  <groups>
		  <run>
			  <include name="smoke"></include>
			  <include name="Regression"></include>
		  </run>
	  </groups>
	  
	
    <classes>	
     <class name="testCases.TC_01"/>
      <class name="testCases.TC_02"/>
      <class name="testCases.TC_03"/>
      <class name="testCases.TC_04"/> 
      <class name="testCases.TC_05"/>
      
    </classes>
  </test> <!-- Test -->
  
  
</suite> <!-- Suite -->
